customer_id,first_name,last_name,email,created_at,updated_at
1,Danielle,Johnson,john21@example.net,2024-01-06,2025-05-21
2,Amy,Garza,johnsonjeffery@example.net,2023-09-20,2024-06-19
3,Anna,Baldwin,lrobinson@example.com,2024-02-28,2025-05-12
4,Adam,Shaffer,jpeterson@example.org,2024-01-24,2024-10-17
5,Curtis,James,melanie94@example.org,2023-12-28,2024-12-04
6,Amanda,Dudley,smiller@example.net,2023-10-03,2025-05-18
7,Michelle,Ray,williamsjeremy@example.com,2022-08-10,2025-05-07
8,Jesse,Garcia,shawn52@example.com,2023-03-12,2024-08-29
9,Elizabeth,Miles,lynchgeorge@example.net,2022-12-17,2024-08-11
10,Steven,Nelson,gabriellecameron@example.org,2022-12-04,2025-04-24
11,Antonio,Stewart,carl95@example.org,2023-11-01,2024-12-19
12,Randall,Rocha,ithomas@example.org,2024-01-09,2025-01-13
13,Amber,Burgess,zhurst@example.com,2022-11-27,2024-08-01
14,William,Davis,callahaneric@example.org,2024-02-15,2025-02-28
15,Robert,Brown,dcarlson@example.net,2022-12-22,2025-01-09
16,Michelle,Smith,maldonadoamanda@example.com,2024-01-27,2025-02-12
17,Matthew,Carter,shawnmckay@example.net,2022-12-31,2024-12-20
18,Kathleen,Romero,harrellkenneth@example.net,2023-07-09,2025-01-31
19,James,Brooks,amberosborne@example.net,2024-05-23,2024-06-09
20,Carol,Burns,hickmannatasha@example.com,2022-12-12,2024-07-01
21,John,Bradley,millertodd@example.org,2024-01-21,2025-01-01
22,Katie,Anderson,karroyo@example.com,2023-07-24,2025-05-13
23,Catherine,Brandt,jenniferross@example.net,2023-10-27,2024-11-01
24,Samuel,Holmes,wrightcaleb@example.org,2023-09-09,2025-01-10
25,Jerry,Robinson,zimmermanbrian@example.org,2024-05-13,2024-06-21
26,Michele,Jones,joshuawashington@example.net,2022-09-20,2025-03-16
27,Selena,Duncan,esanchez@example.com,2022-11-04,2024-07-15
28,Collin,Jordan,ujenkins@example.org,2023-11-15,2025-02-17
29,Tracey,Garcia,zchandler@example.org,2022-12-20,2024-08-22
30,James,West,dwhite@example.org,2024-04-19,2025-06-02
31,Charles,Morton,williamsyvette@example.org,2022-08-21,2025-06-03
32,Karen,Young,ntucker@example.com,2024-05-10,2024-07-01
33,Franklin,Smith,ybaker@example.com,2023-01-17,2024-11-20
34,Heather,Cross,smoore@example.org,2022-07-25,2025-01-19
35,Jill,Brown,brian97@example.net,2024-05-24,2025-05-06
36,Amanda,Brown,yorkcasey@example.org,2023-11-16,2025-05-09
37,Joe,Wilson,bethwilliams@example.org,2023-05-01,2025-02-19
38,Brandy,Mills,james53@example.com,2023-04-13,2024-07-29
39,Emily,Evans,sarah10@example.com,2023-10-05,2025-01-13
40,Wendy,Jones,williamanderson@example.com,2024-04-24,2024-07-05
41,Natasha,Wood,samueldaniels@example.com,2023-09-28,2025-04-18
42,Destiny,Smith,sarah12@example.com,2022-09-07,2025-05-20
43,Daniel,Tran,juan35@example.org,2023-11-25,2025-02-10
44,Melissa,Wagner,rebecca01@example.net,2023-05-05,2025-04-27
45,Joshua,Smith,danagreen@example.net,2023-05-19,2025-01-09
46,Janice,Hoffman,jonesnicole@example.org,2023-08-07,2024-06-22
47,Mary,Aguilar,russellwilliams@example.com,2024-05-08,2025-06-06
48,Laura,Valencia,jason31@example.com,2024-02-05,2025-01-12
49,Nicole,Russell,sarayoung@example.org,2024-02-21,2025-04-19
50,Gregory,Gutierrez,jillcook@example.com,2024-02-23,2025-02-24
51,Michelle,Cochran,erik16@example.org,2024-04-06,2024-12-08
52,Jeffrey,Velasquez,ybailey@example.org,2022-11-30,2024-06-18
53,Donna,Ross,michelle45@example.net,2023-07-10,2024-11-11
54,Erin,Anthony,sheila14@example.org,2023-09-03,2024-09-20
55,Benjamin,Carlson,jessica56@example.net,2023-07-12,2024-07-23
56,Paul,Ray,bradley60@example.net,2024-05-28,2025-04-18
57,Amanda,Ball,michaeljones@example.net,2024-05-25,2024-10-15
58,Cindy,Alvarado,cortezkevin@example.com,2023-11-09,2024-11-14
59,Mark,Terry,jamesortega@example.com,2023-11-18,2025-03-26
60,Raven,Gilbert,richard04@example.com,2022-11-20,2024-11-22
61,Kristi,Lawson,steven73@example.net,2023-06-12,2025-04-13
62,Rachel,Flynn,donnacampbell@example.net,2023-10-14,2025-02-04
63,Matthew,Cardenas,emilywalker@example.org,2022-10-02,2024-06-18
64,Brandon,Riggs,gibsonolivia@example.net,2022-11-08,2025-03-14
65,Heather,Snyder,dylanwatts@example.org,2024-02-04,2024-11-21
66,Jeffery,Brock,pwilliams@example.org,2023-05-30,2024-07-30
67,Laurie,Contreras,stephanie79@example.net,2024-05-02,2024-12-22
68,Ronald,Meadows,vmerritt@example.com,2023-05-25,2024-09-17
69,Karen,Larsen,katie87@example.net,2022-12-12,2024-09-23
70,Scott,Reeves,josephflores@example.net,2022-08-11,2024-08-01
71,Edward,Reyes,jasminebrown@example.com,2023-02-22,2025-01-05
72,Steven,Brown,xprice@example.net,2023-12-02,2024-06-16
73,Melissa,Cannon,wwoods@example.com,2024-01-16,2024-11-07
74,Melissa,Ashley,vmedina@example.net,2024-02-21,2025-01-29
75,Rachael,Freeman,ryan06@example.com,2023-11-11,2025-02-27
76,Lauren,Ramsey,ncalhoun@example.net,2022-06-30,2025-05-27
77,Phillip,Elliott,millerroy@example.com,2022-10-29,2024-06-28
78,Jorge,Murphy,wmurphy@example.com,2023-01-12,2025-03-28
79,Stephanie,Fisher,ruizkaitlyn@example.org,2023-03-08,2024-09-04
80,Debra,Harrington,websterstefanie@example.org,2024-03-22,2024-06-16
81,Christine,Allen,kcaldwell@example.org,2023-06-06,2025-03-07
82,Jonathan,Wood,stricklandfrank@example.com,2022-09-01,2025-01-19
83,Anthony,Collins,tsanders@example.org,2022-08-08,2025-01-24
84,Hannah,Burton,terrykevin@example.net,2023-09-19,2025-04-17
85,David,Riggs,reedross@example.com,2022-08-02,2024-12-22
86,Deborah,Smith,gshort@example.com,2023-03-18,2025-02-10
87,Patricia,Stevens,ryangross@example.net,2023-01-05,2025-02-03
88,Lindsey,Medina,umarshall@example.net,2023-01-04,2024-10-12
89,Melissa,Rivas,ramirezshannon@example.com,2023-08-26,2025-02-01
90,Elizabeth,Rogers,lrosales@example.com,2022-11-21,2024-10-24
91,Lauren,Peterson,angela83@example.org,2022-12-14,2025-03-15
92,Richard,Peters,hannahbrewer@example.com,2023-05-24,2025-04-12
93,Andre,Phillips,tholt@example.net,2023-09-04,2024-10-30
94,Thomas,Schmidt,jbarajas@example.com,2023-03-10,2025-03-08
95,Shawn,Parker,davidlee@example.org,2024-01-08,2025-01-03
96,Stephanie,Vaughn,javierwashington@example.net,2023-09-10,2025-03-31
97,Alicia,Campbell,wallkenneth@example.com,2022-10-27,2024-10-04
98,Alexis,Ferguson,brandon08@example.com,2023-12-03,2024-07-28
99,Dana,Mullins,salasaudrey@example.com,2023-06-16,2024-11-27
100,Matthew,Sheppard,shelley71@example.org,2023-04-17,2024-12-16
101,Charles,Soto,hernandezlisa@example.com,2022-08-15,2024-09-13
102,David,Duran,kimberlyjames@example.com,2023-01-26,2025-05-09
103,Brianna,Patterson,lynchjody@example.org,2023-10-08,2024-08-29
104,Joseph,Miller,glennjones@example.org,2023-04-23,2024-11-30
105,Hannah,Harrison,halljasmine@example.net,2024-04-07,2024-12-02
106,Charles,Hall,kristin93@example.com,2022-09-07,2025-01-06
107,Jeffrey,Hernandez,margaret10@example.org,2024-02-15,2024-10-06
108,Brooke,Holloway,scott74@example.net,2023-04-18,2024-09-22
109,Vincent,Snyder,georgepamela@example.net,2023-02-15,2025-01-29
110,John,Davis,keyemily@example.com,2023-08-31,2024-06-24
111,Kathryn,Thompson,lmoon@example.net,2023-05-14,2025-02-10
112,Lisa,Costa,vbailey@example.com,2023-11-12,2024-07-19
113,Mia,Rivera,zroberts@example.net,2022-07-08,2024-12-02
114,Christopher,King,cordovarichard@example.net,2024-03-11,2024-06-09
115,Diane,Daniels,hbrown@example.com,2023-10-06,2025-03-29
116,Vernon,Ramos,harrisandrea@example.com,2023-05-16,2025-05-17
117,Helen,Martinez,jennifercollins@example.org,2023-08-12,2024-11-14
118,Christopher,Gay,murraydavid@example.org,2023-07-02,2025-06-06
119,Jennifer,Hicks,robert77@example.org,2023-05-30,2025-01-09
120,Duane,Lee,michellehill@example.com,2023-02-28,2025-06-06
121,Kristin,Adams,campbellkenneth@example.net,2023-09-03,2025-02-20
122,Tracy,Hernandez,jreed@example.net,2023-03-29,2024-12-02
123,Sarah,Kane,ashleyhall@example.com,2022-07-13,2024-10-10
124,Julie,Thornton,qhughes@example.net,2022-10-06,2024-12-18
125,Tammie,Martinez,molly71@example.net,2024-05-17,2024-12-03
126,Alexis,Thomas,charlesharrington@example.com,2023-02-27,2025-02-06
127,Heather,Santos,melissa86@example.com,2023-10-09,2025-03-15
128,Paige,Freeman,williamsonjimmy@example.net,2024-05-25,2024-09-28
129,Wendy,Francis,wgood@example.net,2023-12-08,2025-05-13
130,Craig,Jackson,rebecca05@example.org,2023-01-23,2024-10-26
131,Nicholas,Thomas,yknight@example.org,2022-10-20,2024-08-15
132,Christian,Pitts,tyleraguilar@example.org,2023-06-03,2025-02-11
133,Jonathan,Scott,nolansteven@example.com,2023-11-18,2025-01-07
134,Eric,Alexander,vanessa46@example.net,2022-12-21,2024-12-03
135,Megan,Gonzalez,gcastaneda@example.org,2023-04-02,2025-01-17
136,Michael,Phillips,andrew64@example.org,2023-08-23,2025-05-10
137,Gina,Garner,lozanojulie@example.com,2024-02-02,2025-04-15
138,Jerry,Pham,danaoliver@example.net,2024-01-17,2025-03-15
139,Katrina,Becker,courtneyberger@example.net,2022-07-10,2024-10-06
140,Kristina,Johnson,jessica14@example.com,2024-01-11,2024-11-17
141,Gregory,Anderson,alyssa42@example.com,2024-05-19,2025-04-25
142,Sherry,Coffey,julie51@example.com,2022-08-07,2024-08-02
143,Karen,Perez,zcoffey@example.net,2023-03-21,2024-07-14
144,Krystal,Smith,gibsonemily@example.net,2022-12-30,2025-01-22
145,Parker,Little,daniel37@example.org,2023-10-04,2025-05-18
146,Sherry,Murphy,deborahreid@example.com,2024-05-16,2025-03-08
147,Kevin,Ortiz,brandonjohnson@example.com,2022-09-08,2024-07-16
148,Jimmy,Medina,qchavez@example.net,2023-12-02,2025-01-04
149,Robert,Newton,nicolepena@example.com,2023-10-01,2024-11-14
150,Sheila,Ramirez,jeff73@example.com,2022-08-26,2025-03-02
151,Michael,Winters,bruce43@example.org,2024-03-29,2025-04-25
152,Shawn,Bates,williamsmatthew@example.org,2024-02-11,2025-01-14
153,Jamie,Gallegos,brendali@example.org,2023-02-20,2025-04-05
154,Dylan,Lester,ramireztracey@example.org,2023-08-03,2024-09-14
155,Lauren,Rodriguez,andersonmichael@example.org,2023-09-10,2024-10-12
156,Alfred,Baker,judyfox@example.net,2022-07-29,2024-12-10
157,Shane,Cox,hayesjeffrey@example.net,2022-07-13,2025-03-18
158,Krista,Camacho,stephen00@example.com,2024-03-29,2024-11-11
159,Ronald,Rodriguez,fjones@example.com,2023-09-25,2024-08-05
160,Cameron,Hill,oscar98@example.com,2023-05-28,2024-12-22
161,Catherine,Garcia,farrelldebra@example.net,2023-12-21,2025-05-11
162,Jason,Hayes,robertwilcox@example.com,2023-04-29,2025-03-19
163,Cody,Simmons,nicholas27@example.org,2022-08-19,2025-04-28
164,Christopher,Reynolds,lisa80@example.net,2023-08-20,2025-01-13
165,Mark,Martinez,morgan60@example.com,2023-09-19,2024-10-08
166,Michael,Lane,ericolson@example.org,2023-03-08,2025-05-03
167,Angela,Wilson,audrey68@example.net,2023-09-29,2025-02-26
168,Dawn,Johnson,anthony44@example.com,2023-03-09,2024-06-11
169,Howard,Thomas,vjones@example.net,2022-07-03,2024-07-14
170,Julie,Lewis,kchavez@example.com,2023-02-07,2025-03-16
171,Mark,Pugh,wareeric@example.net,2022-07-18,2025-02-25
172,Christopher,Ramos,ctucker@example.com,2023-01-08,2024-08-31
173,Kari,Wilson,rrodriguez@example.net,2023-09-13,2024-12-14
174,Alison,Parker,randallgreene@example.org,2022-11-15,2024-10-04
175,Sierra,Saunders,keith10@example.com,2024-01-11,2024-11-23
176,Gregory,James,vincentwhitaker@example.com,2022-08-04,2024-11-10
177,Michelle,Williams,stevenschristian@example.com,2023-08-31,2024-11-22
178,Ashley,Mckinney,zroberts@example.org,2023-02-17,2024-08-14
179,Laurie,Montgomery,christopher13@example.com,2023-09-10,2024-11-11
180,Alexandria,Foster,julie35@example.org,2022-08-08,2024-12-24
181,Cynthia,Schmidt,rebeccabailey@example.net,2024-03-07,2025-02-14
182,Lisa,Young,jonathanthompson@example.org,2024-01-21,2025-03-30
183,Diana,Thompson,kmarshall@example.net,2023-05-24,2025-02-28
184,Sandra,Cunningham,michelle52@example.com,2022-08-02,2024-12-08
185,Scott,Turner,brittany58@example.org,2023-02-06,2024-12-05
186,Shannon,Brown,chase19@example.net,2023-07-08,2024-11-05
187,Steven,Spencer,colelisa@example.net,2022-11-03,2024-10-11
188,Cassidy,Mason,hayeslisa@example.com,2023-12-16,2024-07-11
189,William,Thompson,jasmineritter@example.net,2023-07-21,2025-01-31
190,Erik,Watson,paul59@example.org,2024-02-13,2025-02-09
191,Deborah,Jones,grantpaul@example.com,2023-12-24,2025-05-05
192,Diane,Escobar,mathewaguilar@example.org,2024-05-22,2024-10-22
193,Kyle,Douglas,tanderson@example.org,2023-02-05,2025-01-12
194,Nicholas,Conner,elizabethcalderon@example.net,2023-11-24,2025-05-29
195,Alicia,Lucas,bromero@example.com,2023-02-04,2024-08-18
196,Stephanie,Peterson,ilee@example.org,2022-08-08,2024-10-01
197,Megan,Garcia,stanleynancy@example.net,2022-09-19,2025-01-26
198,Nicholas,Martin,jenniferwilliams@example.com,2023-11-17,2025-03-15
199,John,Wallace,karen73@example.net,2022-12-12,2024-10-07
200,Tammy,Mueller,michealvalentine@example.com,2023-06-03,2025-04-03
201,Juan,Reyes,mburch@example.net,2022-09-25,2025-05-14
202,John,Davidson,angela18@example.org,2023-01-17,2024-07-11
203,Kathryn,Nelson,mariahdavis@example.org,2024-03-05,2024-12-01
204,Nicole,Arias,gbrown@example.com,2022-12-10,2024-11-05
205,Virginia,Brooks,florescory@example.net,2023-10-27,2024-10-17
206,Lacey,Taylor,samantha72@example.net,2023-06-09,2024-11-30
207,Christina,Bullock,scottmary@example.net,2023-12-26,2025-01-31
208,Allison,Rodriguez,john10@example.org,2023-05-02,2025-02-12
209,Laura,Bryant,copelandvincent@example.net,2022-06-22,2025-02-09
210,Zachary,Allen,kellysmith@example.com,2022-12-13,2025-01-16
211,Robert,Beck,millsmichael@example.net,2023-08-06,2024-12-23
212,Kristin,Romero,myerstheodore@example.net,2023-04-06,2024-10-31
213,Jon,Smith,cooperjessica@example.net,2022-08-29,2025-04-04
214,Bonnie,Sherman,bradleypayne@example.net,2022-10-23,2025-04-27
215,Kimberly,Marshall,zwelch@example.org,2022-07-29,2025-03-14
216,Kimberly,Ellis,james30@example.com,2024-06-03,2024-10-07
217,Zachary,Hays,wking@example.net,2022-11-05,2024-09-28
218,Michael,Norman,joshua56@example.com,2024-01-08,2024-11-26
219,Patricia,Hughes,tylerjimenez@example.net,2023-01-03,2025-04-16
220,Christopher,Coleman,lmorrison@example.net,2023-01-24,2024-10-11
221,Curtis,Murphy,kirk96@example.org,2023-11-27,2024-11-28
222,Michael,Williams,christina64@example.net,2024-02-14,2024-07-01
223,Charles,Walsh,william20@example.org,2024-03-30,2025-01-30
224,Erika,Kim,carlososborne@example.com,2023-03-18,2024-11-04
225,Stacy,Johnson,erikarush@example.com,2023-05-20,2025-04-01
226,Chase,Taylor,raymond43@example.org,2022-06-30,2025-03-21
227,Jacob,Holmes,greenjorge@example.com,2022-11-23,2025-02-01
228,Justin,Hendricks,igonzalez@example.org,2023-05-27,2024-08-15
229,Rachel,Wallace,cochrantammy@example.com,2023-11-10,2024-10-21
230,Jenna,Pierce,patricia22@example.com,2023-07-10,2024-09-04
231,David,Harris,joelsnyder@example.com,2023-08-14,2025-01-17
232,Miguel,Lara,cherylmiller@example.com,2023-04-15,2025-03-14
233,Jennifer,Fox,emorrow@example.org,2023-02-11,2025-02-13
234,Charles,Owens,david89@example.org,2024-01-27,2024-07-29
235,Ryan,Bartlett,guerraapril@example.com,2022-10-15,2024-08-10
236,Marcus,Fletcher,stacey84@example.org,2022-12-21,2024-08-24
237,Cynthia,Pierce,colleenmendez@example.org,2023-07-05,2025-02-12
238,Gary,David,georgeweber@example.net,2023-02-27,2025-05-02
239,Sandra,Williams,millerstacy@example.net,2023-01-01,2025-02-16
240,Jason,Armstrong,jimenezcourtney@example.com,2023-10-21,2024-10-04
241,Timothy,Ballard,eevans@example.net,2022-07-26,2024-08-09
242,Scott,Washington,matthewthomas@example.net,2023-02-13,2025-03-21
243,Vanessa,Reed,xanderson@example.net,2023-08-20,2024-07-20
244,Luis,Owens,shannon21@example.org,2023-01-21,2024-11-05
245,Michelle,Barnes,lisapeck@example.net,2023-02-07,2024-08-21
246,Kathryn,Jimenez,tjimenez@example.com,2022-06-28,2024-07-13
247,Sierra,Wagner,jasongomez@example.org,2023-01-14,2024-12-18
248,Carla,Cameron,amitchell@example.org,2023-05-10,2024-07-31
249,Nicole,Luna,zdiaz@example.org,2023-08-26,2025-01-13
250,James,Tran,hughesshannon@example.net,2023-01-13,2025-04-25
251,Veronica,Becker,andersoncolin@example.com,2024-02-17,2024-10-18
252,Angela,Diaz,jameshicks@example.net,2022-07-11,2024-06-26
253,Benjamin,Reeves,jstone@example.net,2024-05-03,2024-12-26
254,Donald,Velazquez,francisco94@example.net,2023-02-26,2024-12-23
255,Maria,Patel,thomas05@example.com,2023-11-15,2024-07-21
256,Tina,Silva,carlsonjoseph@example.net,2024-02-08,2025-04-06
257,Beth,Perez,silvageorge@example.net,2023-12-22,2025-02-04
258,Kim,James,anthonyvaughan@example.org,2022-11-05,2024-06-16
259,Scott,Barnes,avaughn@example.net,2024-02-01,2025-02-01
260,Samantha,Salas,thorntonapril@example.net,2023-02-17,2025-02-21
261,Timothy,Bennett,stevepatel@example.net,2023-03-12,2025-02-26
262,Kelsey,Le,chelsea33@example.com,2023-08-17,2024-10-02
263,Jeffrey,Dudley,kellie37@example.com,2023-06-17,2024-10-22
264,Ann,Michael,keith98@example.com,2024-05-05,2024-11-09
265,Loretta,Blevins,kellyroberts@example.net,2022-08-10,2024-10-21
266,Sandra,Douglas,ilewis@example.com,2024-06-03,2025-01-13
267,Heather,Taylor,johnsantiago@example.net,2022-12-02,2025-02-11
268,Jesse,Garcia,jennifer12@example.org,2023-08-11,2025-06-04
269,Eric,Delgado,mwoods@example.com,2023-02-14,2024-09-27
270,Debbie,Velez,pearsonjesse@example.net,2023-12-23,2025-05-05
271,Sharon,Gentry,robertmonroe@example.org,2024-03-20,2024-11-10
272,Kristin,Lopez,nancy04@example.net,2023-09-21,2024-07-20
273,Sarah,Rogers,ihays@example.net,2023-06-28,2025-05-20
274,Sheena,Rosales,znelson@example.org,2023-02-21,2024-08-11
275,Jessica,Wong,alexisrogers@example.com,2023-08-25,2025-02-25
276,Katherine,Thompson,gwilcox@example.com,2022-08-16,2024-11-11
277,Elizabeth,Lopez,thomasboyle@example.org,2022-12-29,2024-11-04
278,Joe,Molina,kevin90@example.com,2023-10-30,2024-10-26
279,Heather,Brown,marshallerik@example.net,2023-07-05,2025-06-02
280,Paula,Padilla,hannah45@example.net,2022-11-28,2024-09-02
281,Susan,Mendoza,madkins@example.com,2023-04-28,2025-03-08
282,Andrea,Ruiz,kathleenbecker@example.net,2024-04-18,2025-04-10
283,Christopher,Griffin,christian91@example.org,2024-03-14,2025-01-07
284,Rebecca,Harris,franklinbond@example.com,2022-09-08,2025-02-28
285,Jamie,Aguilar,nolansean@example.org,2023-05-28,2024-07-30
286,William,Bryant,hansenemily@example.com,2023-12-23,2024-06-17
287,Randy,Velasquez,bethwilliams@example.com,2023-12-06,2024-07-03
288,Amber,Brown,andersenthomas@example.com,2023-04-23,2024-08-17
289,Kayla,Cannon,ybrooks@example.com,2024-04-15,2025-05-31
290,Rebecca,Bennett,desireebailey@example.org,2023-08-01,2024-11-08
291,Allison,Luna,maryavila@example.com,2023-06-04,2025-02-25
292,Jennifer,Coleman,pmorrow@example.com,2023-03-05,2024-08-08
293,Joshua,Pineda,johnsondonna@example.net,2024-01-26,2025-06-07
294,Nicole,Smith,carloswheeler@example.com,2023-09-17,2025-02-24
295,Jacqueline,Williams,moralesjimmy@example.org,2024-01-16,2025-05-10
296,Kimberly,Taylor,jim95@example.net,2023-09-17,2025-04-05
297,Emily,Flores,nancy83@example.com,2023-01-29,2024-09-23
298,Bruce,Fry,conniesimmons@example.com,2022-07-16,2024-10-20
299,Shelly,Powers,heather62@example.com,2023-03-29,2024-08-19
300,Karen,Wells,kevinzimmerman@example.com,2024-05-20,2024-07-01
301,Anna,Faulkner,paulscott@example.com,2023-10-25,2024-07-09
302,Sandra,Boone,nicholsmaria@example.org,2023-01-04,2024-11-02
303,Emily,Morrison,lopezkathleen@example.net,2023-11-13,2025-01-12
304,Jay,Clark,kevin03@example.org,2024-01-06,2024-07-24
305,Julie,Webster,heatherpadilla@example.com,2024-05-20,2024-09-09
306,Andrea,Rowe,powens@example.com,2023-02-04,2024-09-18
307,Michael,Andrade,ugarcia@example.com,2024-01-22,2025-05-01
308,Luke,Harris,robert93@example.net,2022-10-01,2024-06-15
309,Jose,Donovan,mphillips@example.com,2022-12-05,2024-11-03
310,Ashley,Sanchez,jonathan77@example.com,2022-10-18,2025-03-20
311,Laura,Jackson,iwhite@example.net,2022-07-25,2024-12-29
312,Arthur,Bradford,duranrobert@example.net,2022-12-06,2024-07-05
313,Jasmine,Smith,nbrooks@example.net,2023-11-09,2025-06-06
314,Christina,Webb,ismith@example.net,2023-04-25,2024-06-13
315,Alvin,Bowen,andre62@example.org,2024-05-23,2024-07-16
316,Alice,Allen,lisa46@example.org,2023-03-26,2024-11-13
317,Stephen,Sanchez,kevinclayton@example.org,2023-10-30,2025-05-08
318,Debra,Johnson,jgray@example.com,2022-07-23,2025-02-11
319,Albert,Jackson,pbruce@example.com,2023-08-23,2025-05-08
320,Terri,Jacobson,hallrachel@example.net,2024-04-29,2025-01-15
321,Thomas,Williams,cohenjuan@example.net,2023-08-21,2025-02-19
322,Antonio,Mcfarland,alexis39@example.org,2024-01-15,2025-04-23
323,Jennifer,Sanders,evansanne@example.net,2024-03-19,2025-05-04
324,Paul,Mosley,patrick21@example.net,2024-01-10,2024-10-21
325,Brian,Kim,petersonkayla@example.net,2023-04-14,2025-04-05
326,Mark,Walters,whenry@example.net,2023-03-28,2024-11-23
327,Jacob,Willis,nmiller@example.com,2024-02-19,2024-09-12
328,Jennifer,Miller,normanbowers@example.org,2024-01-05,2024-11-07
329,Levi,Rodriguez,hahnsean@example.com,2022-08-28,2024-07-30
330,Christopher,Jordan,fgarcia@example.com,2023-08-14,2024-07-15
331,Candice,Mueller,asmith@example.com,2024-02-05,2024-07-11
332,Jenny,Hansen,ashleyjackson@example.com,2022-10-19,2024-08-01
333,Joseph,Adams,bryanhamilton@example.com,2023-01-28,2024-12-14
334,Kirsten,Ward,jennifersimpson@example.net,2022-11-08,2024-12-03
335,Daniel,Torres,ncook@example.com,2024-02-24,2025-05-09
336,Mark,Cook,kevinmorrison@example.net,2022-11-13,2024-12-12
337,Leon,Oconnell,kelly79@example.org,2023-02-18,2024-11-02
338,Juan,Hartman,daniel93@example.net,2023-08-07,2024-08-17
339,Erin,Pierce,nhahn@example.com,2024-02-19,2024-09-30
340,Marie,Jones,ichambers@example.net,2023-01-31,2024-09-10
341,Johnny,Moore,emccormick@example.com,2023-09-17,2024-12-12
342,Brandi,Ferguson,ystephens@example.com,2023-12-06,2025-05-22
343,Lisa,Wheeler,rodriguezjohn@example.net,2023-03-12,2024-08-12
344,Deborah,Williams,vrasmussen@example.com,2022-08-31,2024-06-13
345,Corey,Walker,seanmyers@example.net,2023-09-10,2025-03-04
346,Vincent,Cooper,webbkenneth@example.org,2022-09-08,2025-04-27
347,Shelia,Thomas,matthew38@example.com,2023-03-07,2024-12-10
348,Connor,Bowen,tflores@example.org,2024-02-29,2025-03-12
349,Darin,Sweeney,byrdfrank@example.net,2022-12-16,2024-12-26
350,Greg,Moore,omullen@example.com,2023-10-12,2024-08-19
351,Jacob,Sandoval,njohnson@example.org,2023-05-25,2025-01-24
352,Russell,Smith,jamiegoodwin@example.org,2023-09-01,2024-07-18
353,Lauren,Herrera,mark71@example.com,2023-11-12,2025-05-10
354,Tracy,Church,candice96@example.net,2022-09-06,2024-10-22
355,Michael,Ellis,lisamccarthy@example.com,2024-05-23,2025-02-02
356,Brittany,Powers,david41@example.org,2023-03-26,2025-03-05
357,Donald,Price,baileyhenderson@example.com,2023-10-16,2025-01-03
358,Heather,Brewer,angelaburns@example.org,2022-11-02,2024-10-09
359,Megan,Harvey,stephanie72@example.org,2024-03-04,2024-11-05
360,Tamara,Wagner,fortiz@example.com,2023-12-13,2025-05-01
361,Scott,Jackson,flynnjeffrey@example.org,2023-01-09,2024-09-04
362,Amanda,Jackson,xcunningham@example.com,2023-08-10,2024-12-24
363,Daniel,Wilson,amber07@example.net,2022-11-26,2024-11-21
364,Curtis,Greer,kennethkidd@example.com,2022-12-31,2024-10-22
365,Michelle,Miller,rowejoel@example.net,2023-09-09,2025-03-03
366,Michael,Page,imartin@example.org,2024-03-02,2024-08-28
367,Linda,Hudson,candice25@example.net,2023-01-23,2024-09-29
368,Ashley,Farley,taylorkaren@example.com,2024-05-23,2024-07-02
369,Victoria,Camacho,jacquelineanderson@example.org,2023-12-14,2024-10-12
370,Maria,Juarez,kburns@example.net,2023-01-04,2025-02-07
371,Robert,Hayes,powellkara@example.net,2024-06-06,2025-05-15
372,Miguel,Clements,brandi17@example.net,2023-11-07,2025-03-06
373,Michael,Brown,brobinson@example.org,2023-06-29,2024-09-21
374,Marcus,Campbell,ashleewashington@example.com,2024-05-04,2025-03-01
375,Kathryn,Williams,ksmith@example.com,2023-05-30,2024-06-09
376,Victoria,Patterson,nicoleturner@example.com,2022-08-21,2025-02-18
377,Michael,Miller,brettgarrett@example.net,2023-12-05,2025-03-29
378,Jim,Rios,smiththomas@example.org,2023-09-14,2024-09-04
379,April,Wallace,dominguezlisa@example.com,2023-12-01,2024-07-30
380,Tim,Perez,crosscurtis@example.com,2023-03-22,2025-05-17
381,Kevin,Reyes,darlenebyrd@example.org,2023-07-27,2025-01-13
382,Alan,Santos,nbell@example.net,2024-01-12,2024-08-06
383,Samantha,Jensen,fheath@example.org,2022-09-26,2025-03-28
384,David,Blair,sylvia52@example.org,2023-01-11,2025-02-14
385,Christopher,Tran,kimberly04@example.org,2023-07-17,2025-01-30
386,William,Adkins,debbie37@example.com,2022-09-05,2024-09-10
387,Victor,Wheeler,hatfieldsarah@example.org,2023-04-06,2025-05-09
388,Mary,Fisher,kathrynbest@example.org,2022-06-22,2025-01-23
389,Carlos,Baker,livingstonstacy@example.com,2023-07-08,2024-09-28
390,Courtney,Mason,zhenderson@example.org,2023-10-20,2025-01-03
391,Amanda,Hernandez,collinswilliam@example.org,2024-02-27,2024-08-08
392,Amanda,Myers,collinssamuel@example.org,2022-07-24,2024-09-11
393,Christopher,Hamilton,dsalazar@example.com,2023-11-09,2025-03-24
394,Diane,Thompson,zimmermanjacqueline@example.org,2023-06-30,2024-10-21
395,Alexandra,Logan,gary24@example.net,2024-04-28,2024-07-24
396,Kelsey,Johnson,enelson@example.com,2023-12-15,2025-01-18
397,Courtney,Crawford,brian92@example.com,2022-10-10,2024-09-16
398,Kerri,Shannon,perezwilliam@example.org,2024-04-06,2025-05-10
399,Alexander,Williams,patrick22@example.org,2023-08-13,2025-04-16
400,Robin,Yang,pwalker@example.com,2024-05-21,2025-03-15
401,Luis,Mckenzie,david02@example.org,2024-02-24,2024-12-26
402,Tina,Finley,wileymichelle@example.com,2023-02-19,2024-07-12
403,Angela,Smith,kellymueller@example.net,2023-10-06,2024-09-11
404,Steven,Vargas,xcuevas@example.org,2023-12-30,2025-05-24
405,Amy,Flynn,adamortiz@example.org,2023-08-04,2024-10-21
406,Cynthia,Steele,tapiaaaron@example.net,2023-03-29,2025-05-04
407,Joann,Parker,alyssaallen@example.com,2022-07-26,2024-08-03
408,Jennifer,Davis,phyllismeyer@example.net,2024-05-05,2024-10-31
409,Stephen,Adkins,wagnerdana@example.com,2022-08-07,2025-01-24
410,Ashley,Graham,joelgreen@example.com,2024-05-29,2025-04-16
411,Phillip,Decker,louis43@example.org,2022-11-14,2024-07-31
412,Kimberly,Richards,danielcole@example.com,2023-04-21,2024-07-25
413,Amanda,Oconnell,shannonford@example.org,2022-08-19,2024-08-09
414,Lindsey,Torres,lewismelissa@example.org,2022-08-19,2025-03-12
415,John,Kelly,byrdjorge@example.org,2022-07-04,2024-11-13
416,Melissa,Hawkins,codygarcia@example.org,2022-09-12,2024-06-13
417,Bryan,Norman,davidcolon@example.com,2023-11-25,2025-02-08
418,Sharon,Miller,samantha10@example.org,2022-11-10,2025-05-25
419,Debbie,Lamb,steinmaria@example.com,2022-09-13,2024-06-25
420,Sheri,Williams,zunderwood@example.com,2022-07-02,2024-11-04
421,Felicia,Thompson,rebekahhill@example.com,2024-04-26,2024-08-05
422,Austin,Harvey,deborahporter@example.net,2023-06-17,2024-07-02
423,Christopher,Reyes,zgonzalez@example.net,2022-12-20,2025-02-08
424,Virginia,Stephens,mayokimberly@example.com,2023-06-17,2025-01-06
425,Kimberly,Cooper,paul20@example.com,2023-09-16,2024-09-02
426,Anthony,Cochran,brian78@example.com,2024-01-26,2025-01-21
427,Yvonne,Dickson,wrightjohn@example.net,2024-03-05,2025-04-12
428,Samantha,Brown,barbaramcgrath@example.com,2023-03-12,2025-06-07
429,Mary,Bruce,joelstewart@example.net,2023-12-03,2024-10-26
430,Robin,Johnson,stacey92@example.net,2022-11-03,2025-04-29
431,Vanessa,Keith,lweaver@example.com,2022-07-09,2024-07-14
432,Brian,Guzman,foxaaron@example.net,2022-11-13,2025-04-18
433,David,Love,brian29@example.net,2024-05-22,2024-08-03
434,Kim,Mathis,susan56@example.net,2022-08-27,2024-10-17
435,Kevin,Taylor,jessicakim@example.net,2023-06-23,2025-02-16
436,Logan,Mann,jeffrey92@example.com,2023-02-03,2025-03-21
437,Haley,Anderson,rushstacy@example.com,2024-03-31,2025-04-04
438,Tammy,Johnson,samantha93@example.net,2023-08-23,2024-07-19
439,Sharon,Taylor,youngtoni@example.org,2023-10-17,2025-05-18
440,Sylvia,Underwood,sean43@example.org,2023-11-30,2024-07-05
441,Michael,Buchanan,williamssamuel@example.com,2022-10-17,2025-05-18
442,Robert,Macias,amy17@example.net,2023-10-28,2025-03-30
443,Gloria,Martin,lloydarthur@example.org,2023-02-12,2024-09-18
444,Stephanie,Jones,pamelamartin@example.org,2023-08-08,2025-06-09
445,Rachael,Davis,bbush@example.net,2022-10-16,2025-01-30
446,Pamela,Moore,riveraterri@example.com,2023-12-03,2025-01-10
447,Jennifer,Blair,donna43@example.org,2022-07-18,2024-11-08
448,Ashley,Larsen,briansmith@example.org,2023-01-24,2025-04-24
449,Ebony,Greene,collinclark@example.net,2023-01-22,2024-07-10
450,Thomas,Wilson,qruiz@example.com,2022-08-19,2025-02-13
451,Amy,Lopez,cwood@example.org,2022-12-31,2024-11-26
452,Steven,Perez,anne21@example.org,2023-11-10,2024-10-20
453,Lindsey,Gutierrez,angelarandall@example.net,2023-05-01,2025-01-02
454,Gloria,Mayer,thomasmiller@example.net,2022-07-06,2024-12-20
455,Ashley,Black,davidtodd@example.org,2022-10-17,2024-08-30
456,Lindsey,Martinez,rmiller@example.com,2022-11-13,2025-04-24
457,Courtney,Flowers,luis11@example.com,2023-08-16,2024-11-10
458,Andrea,Gates,astark@example.net,2023-10-06,2025-01-23
459,Alexandra,Barnes,khernandez@example.net,2023-09-05,2025-03-30
460,Tammie,Garcia,hartcraig@example.com,2024-04-13,2025-01-03
461,Nicole,Humphrey,patrick79@example.net,2023-06-12,2024-06-23
462,Gerald,Powell,vwilliams@example.net,2022-12-11,2024-06-28
463,Julie,Mccall,andrew44@example.com,2024-03-25,2024-12-16
464,Michele,Cohen,dennismccann@example.com,2024-02-01,2025-04-25
465,Manuel,Daniel,lopezjason@example.com,2024-01-06,2024-12-14
466,Katherine,Camacho,robertsonerik@example.com,2023-12-13,2024-12-22
467,Richard,Deleon,thompsonnancy@example.org,2024-03-21,2024-07-01
468,John,Bryant,janet45@example.com,2023-07-07,2024-11-10
469,Cynthia,Martinez,allentracy@example.com,2022-10-25,2025-05-13
470,Thomas,Arnold,frank41@example.com,2022-07-01,2024-11-06
471,Brandon,Nash,mercedesholland@example.net,2022-11-17,2024-09-21
472,Denise,Palmer,wellsdavid@example.org,2023-09-19,2025-04-16
473,Alan,King,jennifer46@example.com,2024-04-01,2024-10-22
474,Stephen,Robinson,erica96@example.net,2022-08-28,2024-06-11
475,William,Bates,anna99@example.com,2023-01-27,2025-03-01
476,Daniel,Brown,danielle44@example.net,2023-12-14,2025-05-21
477,Denise,Lopez,racheltrujillo@example.net,2023-04-19,2025-02-20
478,Luis,Taylor,rioswhitney@example.com,2024-05-14,2024-11-18
479,Richard,Doyle,matthewreeves@example.net,2023-07-30,2025-02-11
480,Kristen,Knox,william28@example.org,2023-01-24,2024-07-16
481,Thomas,Figueroa,staceylam@example.net,2022-08-18,2024-09-03
482,Michael,Garner,robert55@example.com,2023-09-07,2024-10-01
483,Steven,Wilson,delacruzbrandy@example.net,2022-08-04,2024-12-09
484,Pamela,Mason,amoreno@example.org,2024-04-16,2025-05-06
485,Edward,Gay,robert97@example.org,2023-02-10,2025-05-09
486,Jennifer,Maxwell,lcook@example.com,2023-10-15,2024-07-01
487,Adam,Hill,barbaramoore@example.org,2022-09-18,2025-02-02
488,Ryan,Jordan,ysanford@example.org,2022-07-09,2025-01-02
489,James,Watson,mcclainkatherine@example.net,2022-11-05,2024-06-15
490,Erica,Sims,jeremywiley@example.com,2022-09-18,2024-07-18
491,Patrick,Chapman,cameronwilliams@example.com,2023-05-30,2025-03-18
492,Abigail,Warren,ibarron@example.com,2024-05-10,2024-12-16
493,Michael,Lopez,osmith@example.net,2022-09-19,2024-08-30
494,Jessica,Lawrence,daviddawson@example.org,2023-03-28,2025-05-15
495,Danielle,Wise,wheelerbrandon@example.org,2023-10-30,2025-04-29
496,Andrew,Norris,hwallace@example.net,2022-12-23,2024-12-10
497,Jacqueline,Harris,turnerdorothy@example.net,2023-07-19,2024-09-21
498,Cindy,Haynes,grivas@example.net,2023-12-20,2025-02-03
499,David,Wilson,jimenezchelsea@example.com,2024-03-16,2024-12-29
500,Teresa,Howard,cphillips@example.net,2023-06-30,2025-05-28
